date,location,Water temperature,Dissolved oxygen,Ammonium,Nitrites,Nitrates,Orthophosphate-phosphorus,Total phosphorus,Sodium,Potassium,Calcium,Magnesium,Chlorides,Sulphates,Iron,Manganese,Zinc,Copper,Chromium,Lead,Cadmium,Mercury,Nickel,Arsenic,Biochemical Oxygen,Chemical Oxygen Demand (Cr),Chemical Oxygen Demand (Mn),AOX,Atrazine,Cesium,Macrozoobenthos,Total coliforms,Fecal coliforms,"p,p-DDT",gamma-Hexachlorocyclohexane,Bicarbonates,Anionic active surfactants,Total extractable matter,Fecal streptococci ,PAHs,Petroleum hydrocarbons,"Benzo(g,h,i)perylene",Fluoranthene,PCB 52,PCB 153,PCB 101,Benzo(b)fluoranthene,"Indeno(1,2,3-c,d)pyrene",PCB 28,Benzo(k)fluoranthene,Benzo(a)pyrene,PCB 180,PCB 138,Silica (SiO2),alpha-Hexachlorocyclohexane,Dieldrin,"p,p-DDE",Heptachlor,Endosulfan (alpha),Endrin,Oxygen saturation,beta-Hexaxchlorocyclohexane,Aldrin,"p,p-DDD",Total hardness,Endosulfan (beta),Heptachloroepoxide,Total dissolved salts,Methoxychlor,Simazine,Alachlor,Metolachlor,Total nitrogen,Carbonates,Tetrachloromethane,Sulfides,Selenium,Barium,Total organic carbon,Cyanides,Acenaphthene,Isodrin,Acenaphthylene,Benzo(a)anthracene,Pyrene,Hexachlorobenzene,"1,2,4-Trichlorobenzene",Pentachlorobenzene,Naphthalene,Phenanthrene,"1,2,3-Trichlorobenzene",Anthracene,Chrysene,Aluminium,Dissolved organic carbon,Dissolved silicates,Organic nitrogen,Fluorene,PCB 118,Trifluralin,Inorganic nitrogen,Boron,Berilium,Chlorodinine,AGOC-3A,Methylosmoline,Total dissolved phosphorus
1/15/2009,Achara,6.5,10.9,0.552,0.003,1.377,0.1267,0.13,10.9,,47.4,7.1,11.9,31.1,0.2,0.18,26,2.4,0.5,0.5,0.3,,1,0.5,2.3,7,3,,,,,16090,,,,134.2,0.034,,,,0.05,,,,,,,,,,,,,,,,,,,,,,,,,,,206,,,,,1.99,,,,,,,0.0025,,,,,,,,,,,,,,,,,0,,,,,,,,,,
2/13/2009,Achara,5.5,11.7,0.086,0.03,0.709,0.0133,0.05,5.2,,25.9,4.8,5.8,18.6,0.38,0.1,18,8.4,0.6,1.7,0.3,,2.6,0.5,3,13,3.4,,,,,175,,,,91.5,0.034,,,,0.033,,,,,,,,,,,,,,,,,,,,,,,,,,,119,,,,,1.05,,,,,,,0.0025,,,,,,,,,,,,,,,,8.69,0.225,,,,,,,,,,
3/19/2009,Achara,13,11.9,0.07,0.015,0.619,0.0167,0.05,6.2,,34.6,7,6.9,17.9,0.2,0.05,5,14.9,0,0.5,0.3,,0.5,0.5,1.7,5.3,5,,,,,170,,,,97.6,0.034,,,,0.025,,,,,,,,,,,,,,,,,,,,,,,,,,,236,,,,,0.9,,,,,,,0.0025,,,,,,,,,,,,,,,,7.86,0.196,,,,,,,,,,
4/17/2009,Achara,16,11.3,0.125,0.027,1.08,0.0992,0.13,8,,38.2,4.5,8.7,23.2,0.12,0.04,5,5.3,0.7,0.5,0.3,0.5,1.5,1.7,2,6,0,,,,,,,,,109.8,0.034,,,,0.01,,,,,,,,,,,,,,,,,,,,,,,,,,,150,,,,,1.53,,,,,,,0.0025,,,,,,,,,,,,,,,,5.35,0.298,,,,,,,,,,
5/17/2009,Achara,21,6.5,0.211,0.21,1.802,0.225,0.32,,,,,,,,,11,,,,,,,,2.4,7,0,,,,,,,,,122,,,,,0.01,,,,,,,,,,,,,,,,,,,,,,,,,,,199,,,,,2.85,,,,,,,0.0025,,,,,,,,,,,,,,,,,0.927,,,,,,,,,,
6/12/2009,Achara,26,9,0.016,0.033,1.106,0.1142,0.2,,,,,,,0.24,0.9,12,2.9,0,0.5,0.3,,1,0.5,2.2,7,3.7,,,,,,,,,122,0.034,,,,0.01,,,,,,,,,,,,,,,,,,,,,,,,,,,201,,,,,1.26,,,,,,,0.0025,,,,,,,,,,,,,,,,,0.105,,,,,,,,,,
7/11/2009,Achara,22,7.1,0.039,0.046,0.255,0.127,0.17,,,,,,,0.19,0.11,20,9.9,0.6,1.6,0.3,,1.8,1.4,2.4,8,0,,,,,,,,,109.8,0.034,,,,0.018,,,,,,,,,,,,,,,,,,,,,,,,,,,174,,,,,0.9,,,,,,,0.0025,,,,,,,,,,,,,,,,,0.58,,,,,,,,,,
7/18/2009,Achara,,,,,,,,,,,,,,,,,,,,,,,,,,,,,,,,,,,,,,,,0.065,,,,,,,,,,,,,,,,,,,,,,,,,,,,,,,,,,,,,,,0.0025,,,,,,,,,,,,,,,,8.85,,,,,,,,,,,
8/13/2009,Achara,21,6.4,0.093,0.055,1.975,0.153,0.2,,,,,,,,,38,,,,,,,,2.3,8,4,,,,,,,,,115.9,,,,,0.03,,,,,,,,,,,,,,,,,,,,,,,,,,,188,,,,,2.64,,,,,,,0.0025,,,,,,,,,,,,,,,,6.51,0.517,,,,,,,,,,
9/10/2009,Achara,17,8.7,0.132,0.042,1.984,0.143,0.28,,,,,,,,,5,,,,,,,,2.1,7,0,,,,,,,,,115.9,,,,,0.01,,,,,,,,,,,,,,,,,,,,,,,,,,,176,,,,,2.7,,,,,,,0.0025,,,,,,,,,,,,,,,,5.23,0.542,,,,,,,,,,
10/11/2009,Achara,17,9.2,0.031,0.027,1.695,0.1173,0.16,,,,,,,0.17,0.06,5,2.8,0.6,0.5,0.3,,1.2,1,1.2,6,0,,,,,,,,,97.6,0.034,,,,0.03,,,,,,,,,,,,,,,,,,,,,,,,,,,184,,,,,2.14,,,,,,,,,,,,,,,,,,,,,,,6.98,0.387,,,,,,,,,,
11/19/2009,Achara,8,11.5,0.39,0.024,1.779,0.2282,0.28,,,,,,,0.08,0.15,10,6.1,3.8,0.5,0.3,,3.5,0.5,2.7,5,0,,,,,,,,,109.8,0.034,,,,0.02,,,,,,,,,,,,,,,,,,,,,,,,,,,218,,,,,2.8,,,,,,,0.0025,,,,,,,,,,,,,,,,8.68,0.607,,,,,,,,,,
12/10/2009,Achara,6,11.8,0.234,0.012,0.987,0.0684,0.11,,,,,,,,,5,,,,,,,,2.7,5,4.3,,,,,,,,,122,,,,,0.013,,,,,,,,,,,,,,,,,,,,,,,,,,,159,,,,,1.26,,,,,,,0.0025,,,,,,,,,,,,,,,,,0,,,,,,,,,,
1/16/2010,Achara,4,12.5,0.451,0.01824,0.98762,0.2,0.24,,,31.5,11.9,8.1,,,,,2.7,0.5,0.6,0.4,1,3.1,0.5,2,7,4.5,,,,,,,,,,,,,,,,,,,,,,,,,,,,,,,,,,,,,,,,,,,,,,1.82,,,,,,,,,,,,,,,,,,,,,,,7.464,0.36,,,,1.457,,,,,,
2/11/2010,Achara,,,0.07,0.02736,1.08028,0.15,0.2,,,,,,,,,,,,,,,,,,,,,,,,,,,,,,,,,,,,,,,,,,,,,,,,,,,,,,,,,,,,,,,,,1.33,,,,,,,,,,,,,,,,,,,,,,,8.327,,,,,1.178,,,,,,
2/20/2010,Achara,5,14.3,0.062,0.01216,0.73676,0.1,0.12,,,31.1,5.6,6,,,,9,2.9,0.3,0.5,0.25,1,1.2,0.5,1,5,2.1,,,,,,,,,,,,,,,,,,,,,,,,,,,,,,,,,,,,,,,,,,,,,,0.96,,,,,,,,,,,,,,,,,,,,,,,8.533,0.15,,,,0.811,,,,,,
2/21/2010,Achara,,,0.062,0.01216,0.97406,0.09,0.13,,,,,,,,,,,,,,,,,,,,,,,,,,,,,,,,,,,,,,,,,,,,,,,,,,,,,,,,,,,,,,,,,,,,,,,,,,,,,,,,,,,,,,,,8.073,0.15,,,,1.048,,,,,,
3/13/2010,Achara,,,0.528,0.09424,2.05208,0.16,0.33,,,,,,,,,,,,,,,,,,,,,,,,,,,,,,,,,,,,,,,,,,,,,,,,,,,,,,,,,,,,,,,,,2.76,,,,,,,,,,,,,,,,,,,,,,,16.833,,,,,2.675,,,,,,
3/19/2010,Achara,6,12,0.023,0.01824,1.09384,0.1,0.12,,,30.9,4,6.7,,,,9,4.5,0.8,0.7,0.25,1,2.6,0.5,2.1,6,2.6,,,,,,,,,,,,,,,,,,,,,,,,,,,,,,,,,,,,,,,,,,,,,,1.48,,,,,,,,,,,,,,,,,,,,,,,9.2,0.35,,,,1.135,,,,,,
3/31/2010,Achara,,,,,,,,,,,,,,,,,,,,,,,,,,,,,,,,,,,,,,,,,,,,,,,,,,,,,,,,,,,,,,,,,,,,,,,,,,,,,,,,,,,,,,,,,,,,,,,7.113,,,,,,,,,,,
4/7/2010,Achara,,,0.023,0.01216,1.00118,0.14,0.14,,,,,,,,,,,,,,,,,,,,,,,,,,,,,,,,,,,,,,,,,,,,,,,,,,,,,,,,,,,,,,,,,1.57,,,,,,,,,,,,,,,,,,,,,,,7.659,0.53,,,,1.037,,,,,,
4/8/2010,Achara,,,0.07,0.01824,1.12548,0.16,0.16,,,,,,,,,,,,,,,,,,,,,,,,,,,,,,,,,,,,,,,,,,,,,,,,,,,,,,,,,,,,,,,,,1.59,,,,,,,,,,,,,,,,,,,,,,,,,,,,1.214,,,,,,
4/10/2010,Achara,,,0.031,0.01824,1.69274,0.25,0.25,,,,,,,,,,,,,,,,,,,,,,,,,,,,,,,,,,,,,,,,,,,,,,,,,,,,,,,,,,,,,,,,,2.52,,,,,,,,,,,,,,,,,,,,,,,5.574,0.78,,,,1.742,,,,,,
4/16/2010,Achara,11,10.2,0.28,0.076,1.65432,0.29,0.29,,,39.2,5.2,10.3,,,,14,4.2,0.4,0.5,0.25,1,2.4,0.5,1.8,8,2.6,,,,,,,,,,,,,,,,,,,,,,,,,,,,,,,,,,,,,,,,,,,,,,2.47,,,,,,,,,,,,,,,,,,,,,,,8.111,0.46,,,,2.01,,,,,,
5/15/2010,Achara,,,0.093,0.04864,0.8249,0.09,0.15,,,,,,,,,,,,,,,,,,,,,,,,,,,,,,,,,,,,,,,,,,,,,,,,,,,,,,,,,,,,,,,,,1.18,,,,,,,,,,,,,,,,,,,,,,,6.084,,,,,0.967,,,,,,
5/20/2010,Achara,20,7.5,0.218,0.10336,1.12322,0.15,0.36,,,29.9,4.5,7.8,,,,41,56,2.3,1.8,0.25,1,6.3,1.3,2.4,8,5.2,,,,,,,,,,,,,,,,,,,,,,,,,,,,,,,,,,,,,,,,,,,,,,1.89,,,,,,,,,,,,,,,,,,,,,,,6.57,0.45,,,,1.444,,,,,,
6/17/2010,Achara,18,8,0.047,0.03952,1.06672,0.11,0.17,,,27.3,4.8,5.4,,,,25,5.4,0.6,1,0.25,1,1,0.8,2.9,9,3.8,,,,,,,,,,,,,,,,,,,,,,,,,,,,,,,,,,,,,,,,,,,,,,1.54,,,,,,,,,,,,,,,,,,,,,,,11.516,0.39,,,,1.153,,,,,,
6/30/2010,Achara,,,0.006,0.02432,0.85428,0.09,0.13,,,,,,,,,,,,,,,,,,,,,,,,,,,,,,,,,,,,,,,,,,,,,,,,,,,,,,,,,,,,,,,,,1.4,,,,,,,,,,,,,,,,,,,,,,,,,,,,0.885,,,,,,
7/8/2010,Achara,,,0.085,0.0608,0.96954,0.11,0.2,,,,,,,,,,,,,,,,,,,,,,,,,,,,,,,,,,,,,,,,,,,,,,,,,,,,,,,,,,,,,,,,,1.46,,,,,,,,,,,,,,,,,,,,,,,,,,,,1.116,,,,,,
7/16/2010,Achara,22,7.5,0.085,0.15808,1.76958,0.22,0.45,,,33.6,4.5,9.5,,,,12,3.7,0.3,0.5,0.25,1,1,1.7,2,6,4,,,,,,,,,,,,,,,,,,,,,,,,,,,,,,,,,,,,,,,,,,,,,,2.71,,,,,,,,,,,,,,,,,,,,,,,9.759,0.7,,,,2.013,,,,,,
8/7/2010,Achara,,,,,,,,,,,,,,,,,,,,,,,,,,,,,,,,,,,,,,,,,,,,,,,,,,,,,,,,,,,,,,,,,,,,,,,,,,,,,,,,,,,,,,,,,,,,,,,11.9,,,,,,,,,,,
8/8/2010,Achara,,,,,,,,,,,,,,,,,,,,,,,,,,,,,,,,,,,,,,,,,,,,,,,,,,,,,,,,,,,,,,,,,,,,,,,,,,,,,,,,,,,,,,,,,,,,,,,15.652,,,,,,,,,,,
8/12/2010,Achara,23,8.1,0.163,0.0456,1.82608,0.26,0.32,,,40.4,4.6,10.3,,,,12,3.5,0.6,1.4,0.25,1,1.1,1.8,2.3,7.2,6,,,,,,,,,,,,,,,,,,,,,,,,,,,,,,,,,,,,,,,,,,,,,,2.8,,,,,,,,,,,,,,,,,,,,,,,8.006,0.77,,,,2.035,,,,,,
8/18/2010,Achara,,,0.101,0.16112,1.77636,0.45,0.55,,,,,,,,,,,,,,,,,,,,,,,,,,,,,,,,,,,,,,,,,,,,,,,,,,,,,,,,,,,,,,,,,2.37,,,,,,,,,,,,,,,,,,,,,,,,,,,,2.038,,,,,,
9/9/2010,Achara,,,0.039,0.13984,2.147,0.16,0.58,,,,,,,,,,,,,,,,,,,,,,,,,,,,,,,,,,,,,,,,,,,,,,,,,,,,,,,,,,,,,,,,,2.97,,,,,,,,,,,,,,,,,,,,,,,8.623,,,,,2.326,,,,,,
9/17/2010,Achara,15,9.8,0.109,0.04256,2.16508,0.27,0.82,,,37.3,6,11.9,,,,24,4.1,0.3,0.9,0.25,1,1.7,1,2,5,2.2,,,,,,,,,,,,,,,,,,,,,,,,,,,,,,,,,,,,,,,,,,,,,,2.62,,,,,,,,,,,,,,,,,,,,,,,7.798,0.3,,,,2.316,,,,,,
10/13/2010,Achara,,,,,,,,,,,,,,,,,,,,,,,,,,,,,,,,,,,,,,,,,,,,,,,,,,,,,,,,,,,,,,,,,,,,,,,,,,,,,,,,,,,,,,,,,,,,,,,9.271,,,,,,,,,,,
10/14/2010,Achara,,,0.023,0.0152,3.50978,0.45,0.69,,,,,,,,,,,,,,,,,,,,,,,,,,,,,,,,,,,,,,,,,,,,,,,,,,,,,,,,,,,,,,,,,5.67,,,,,,,,,,,,,,,,,,,,,,,8.806,2.12,,,,3.548,,,,,,
10/15/2010,Achara,,,,,,,,,,,,,,,,,,,,,,,,,,,,,,,,,,,,,,,,,,,,,,,,,,,,,,,,,,,,,,,,,,,,,,,,,,,,,,,,,,,,,,,,,,,,,,,8.9,,,,,,,,,,,
10/16/2010,Achara,,,0.016,0.01216,3.73126,0.53,0.77,,,,,,,,,,,,,,,,,,,,,,,,,,,,,,,,,,,,,,,,,,,,,,,,,,,,,,,,,,,,,,,,,4.79,,,,,,,,,,,,,,,,,,,,,,,8.724,1.03,,,,3.759,,,,,,
10/22/2010,Achara,13,10.3,0.148,0.02432,1.4464,0.14,0.17,,,42.7,11,15.2,,,,14,12.4,0.8,1.3,0.25,1,2.3,1.5,2.8,10,5,,,,,,,,,,,,,,,,,,,,,,,,,,,,,,,,,,,,,,,,,,,,,,3.58,,,,,,,,,,,,,,,,,,,,,,,6.686,1.96,,,,1.618,,,,,,
10/23/2010,Achara,,,,,,,,,,,,,,,,,,,,,,,,,,,,,,,,,,,,,,,,,,,,,,,,,,,,,,,,,,,,,,,,,,,,,,,,,,,,,,,,,,,,,,,,,,,,,,,6.363,,,,,,,,,,,
10/27/2010,Achara,,,,,,,,,,,,,,,,,,,,,,,,,,,,,,,,,,,,,,,,,,,,,,,,,,,,,,,,,,,,,,,,,,,,,,,,,,,,,,,,,,,,,,,,,,,,,,,6.114,,,,,,,,,,,
11/13/2010,Achara,,,0.054,0.0304,1.44188,0.28,0.3,,,,,,,,,,,,,,,,,,,,,,,,,,,,,,,,,,,,,,,,,,,,,,,,,,,,,,,,,,,,,,,,,,,,,,,,,,,,,,,,,,,,,,,,,,,,,1.527,,,,,,
11/19/2010,Achara,3,11.1,0.109,0.03344,1.80574,0.46,0.57,,,43.2,6.2,12.1,,,,12,3.1,,1,0.25,,,1.5,1.9,6,2.5,,,,,,,,,,,,,,,,,,,,,,,,,,,,,,,,,,,,,,,,,,,,,,2.43,,,,,,,,,,,,,,,,,,,,,,,,0.48,,,,1.948,,,,,,
12/10/2010,Achara,,,0.155,0.03952,0.93112,0.21,0.22,,,,,,,,,,,,,,,,,,,,,,,,,,,,,,,,,,,,,,,,,,,,,,,,,,,,,,,,,,,,,,,,,1.56,,,,,,,,,,,,,,,,,,,,,,,,,,,,1.126,,,,,,
12/11/2010,Achara,4,11.4,0.155,0.02128,1.01248,0.29,0.31,,,40.1,6,9.2,,,,10,4.2,,1.3,0.25,1,,0.5,2.7,9,3.1,,,,,,,,,,,,,,,,,,,,,,,,,,,,,,,,,,,,,,,,,,,,,,1.43,,,,,,,,,,,,,,,,,,,,,,,,0.24,,,,1.189,,,,,,
1/21/2011,Achara,3,11.7,0.105,0.022,1.11,0.028,0.075,,,34.6,6.1,8.1,,,,6,2.6,,1,0.5,1,,1,3.6,10,2,,,,,,,,,,,,,,,,,,,,,,,,,,,,,,,,,,,,,,,,,,,,,,1.43,,,,,,,,,,,,,,,,,,,,,,,,0,,,,,,,,,,
1/22/2011,Achara,4,11.4,0.219,0.017,1.14,0.075,0.12,,,,,,,,,10,,,,,,,,2.7,8,2.2,,,,,,,,,,,,,,,,,,,,,,,,,,,,,,,,,,,,,,,,,,,,,,1.67,,,,,,,,,,,,,,,,,,,,,,,8.38,0,,,,,,,,,,
2/11/2011,Achara,5,13,0.216,0.018,1.14,0.061,0.056,,,,,,,,,4,1.2,,1,0.5,,,1,2.4,8,2.6,,,,,,,,,,,,,,,,,,,,,,,,,,,,,,,,,,,,,,,,,,,,,,1.45,,,,,,,,,,,,,,,,,,,,,,,7.41,0,,,,,,,,,,
2/18/2011,Achara,1,14.4,0.139,0.016,1.1,0.063,0.157,,,31.5,8,17,,,,8,1.2,,1,0.5,1,,1,4.9,0,2.2,,,,,,,,,,,,,,,,,,,,,,,,,,,,,,,,,,,,,,,,,,,,,,1.67,,,,,,,,,,,,,,,,,,,,,,,7.15,0,,,,,,,,,,
3/18/2011,Achara,7,12.3,0.157,0.034,1,0.042,0.102,,,34.6,7.4,8.7,,,,9,2.7,0,0.6,0.5,1,1.2,1,3.4,9,2.9,,,,,,,,,,,,,,,,,,,,,,,,,,,,,,,,,,,,,,,,,,,,,,1.59,,,,,,,,,,,,,,,,,,,,,,,7.92,0,,,,,,,,,,
3/31/2011,Achara,9,12.58,0.038,0.01,1.06,0.031,0.066,,,,,,,,,5,1.2,0,1,0.5,1,1.2,1,3,0,1.8,,,,,,,,,,,,,,,,,,,,,,,,,,,,,,,,,,,,,,,,,,,,,,1.29,,,,,,,,,,,,,,,,,,,,,,,9.29,0,,,,,,,,,,
4/16/2011,Achara,15,9.2,0,0.058,1.33,0.174,0.279,,,42.5,9.8,12.5,,,,12,7.3,0,1.7,0.5,1,1.9,1,5.8,9,3,,,,,,,,,,,,,,,,,,,,,,,,,,,,,,,,,,,,,,,,,,,,,,1.69,,,,,,,,,,,,,,,,,,,,,,,6.46,0,,,,,,,,,,
4/22/2011,Achara,15,9.4,0.028,0.016,2.07,0.064,0.11,,,,,9.3,,,,8,,,,,,,,1.9,8,2.4,,,,,,,,,,,,,,,,,,,,,,,,,,,,,,,,,,,,,,,,,,,,,,2.19,,,,,,,,,,,,,,,,,,,,,,,4.68,0,,,,,,,,,,
5/13/2011,Achara,17,7.4,0.108,0.025,0.99,0.135,0.276,,,35.1,5.8,,,,,14,4.9,0,1.1,0,0,2.5,0,4.2,8,2.6,,,,,,,,,,,,,,,,,,,,,,,,,,,,,,,,,,,,,,,,,,,,,,1.17,,,,,,,,,,,,,,,,,,,,,,,5.92,0,,,,,,,,,,
5/27/2011,Achara,22,8.6,0.073,0.056,1.37,0.152,0.194,,,,,,,,,3,2.8,0,0.9,0,,0,1.3,4.4,0,2.1,,,,,,,,,,,,,,,,,,,,,,,,,,,,,,,,,,,,,,,,,,,,,,1.72,,,,,,,,,,,,,,,,,,,,,,,8.5,0,,,,,,,,,,
6/11/2011,Achara,23,7.1,0.076,0.005,1.49,0.089,0.105,,,33.8,8.1,,,,,10,1.9,0,0.3,0,0,0,1.3,4.3,8,2.9,,,,,,,,,,,,,,,,,,,,,,,,,,,,,,,,,,,,,,,,,,,,,,2.15,,,,,,,,,,,,,,,,,,,,,,,8.97,0,,,,,,,,,,
6/17/2011,Achara,22,10.3,0.041,0.065,1.69,0.196,0.256,,,31.3,3.5,14.9,,,,6,3.8,0,1,0,0,16.9,1.2,5.5,9,2.8,,,,,,,,,,,,,,,,,,,,,,,,,,,,,,,,,,,,,,,,,,,,,,2.21,,,,,,,,,,,,,,,,,,,,,,,0,0,,,,,,,,,,
7/9/2011,Achara,23,7.9,0.028,0.021,0.21,0.13,0.16,,,,,,,,,12,,,,,,,,1.6,11,3.2,,,,,,,,,,,,,,,,,,,,,,,,,,,,,,,,,,,,,,,,,,,,,,1,,,,,,,,,,,,,,,,,,,,,,,5.99,0,,,,,,,,,,
7/14/2011,Achara,23,9.8,0,0.01,1.12,0.058,0.11,,,31.3,3.5,7.3,,,,6,3.8,0,1,0,0,16.9,1.2,4.2,8,2.6,,,,,,,,,,,,,,,,,,,,,,,,,,,,,,,,,,,,,,,,,,,,,,1.5,,,,,,,,,,,,,,,,,,,,,,,0,0,,,,,,,,,,
8/4/2011,Achara,25,6.6,0.069,0.036,0.87,0.138,0.285,,,,,,,,,18,,,,,,,,4.4,10,3.2,,,,,,,,,,,,,,,,,,,,,,,,,,,,,,,,,,,,,,,,,,,,,,1.61,,,,,,,,,,,,,,,,,,,,,,,3.82,0,,,,,,,,,,
8/11/2011,Achara,25,9.4,0.027,0.034,1.28,0.146,0.174,,,37,5.6,10.4,,,,5,2,1.1,1,0,0,1,2.4,3.5,0,1.7,,,,,,,,,,,,,,,,,,,,,,,,,,,,,,,,,,,,,,,,,,,,,,1.8,,,,,,,,,,,,,,,,,,,,,,,2.24,0,,,,,,,,,,
9/14/2011,Achara,22,8.5,0,0.011,1.03,0.061,0.124,,,32.1,5.2,8.6,,,,14,3.9,0,0.4,0,0,1.3,1.2,2,0,1.9,,,,,,,,,,,,,,,,,,,,,,,,,,,,,,,,,,,,,,,,,,,,,,1.25,,,,,,,,,,,,,,,,,,,,,,,,0,,,,,,,,,,
9/28/2011,Achara,23,7.6,0,0.007,0.91,0.089,0.103,,,,,,,,,10,9.2,0,0.4,0,,0,1.7,1.7,0,2.1,,,,,,,,,,,,,,,,,,,,,,,,,,,,,,,,,,,,,,,,,,,,,,1.28,,,,,,,,,,,,,,,,,,,,,,,6.35,0,,,,,,,,,,
10/8/2011,Achara,18,8.1,0.078,0.013,0.46,0.027,0.062,,,,,,,,,5,4.3,0,1.1,0,,0,2.2,5.9,11,2.9,,,,,,,,,,,,,,,,,,,,,,,,,,,,,,,,,,,,,,,,,,,,,,0,,,,,,,,,,,,,,,,,,,,,,,1.58,0,,,,,,,,,,
10/13/2011,Achara,13,9.1,0.097,0.014,1.02,0.085,0.148,,,28.4,4.8,8.6,,,,15,2.2,0,1.6,0,0,1.3,1.8,1.7,10,3.4,,,,,,,,,,,,,,,,,,,,,,,,,,,,,,,,,,,,,,,,,,,,,,1.47,,,,,,,,,,,,,,,,,,,,,,,10.2,0,,,,,,,,,,
11/11/2011,Achara,12,9.8,0.279,0.065,1.13,0.05,0.094,,,41.1,4.4,9.9,,,,3,1.7,0,0.5,0,0,0,0,3,0,2.2,,,,,,,,,,,,,,,,,,,,,,,,,,,,,,,,,,,,,,,,,,,,,,1.72,,,,,,,,,,,,,,,,,,,,,,,,0,,,,,,,,,,
11/26/2011,Achara,11,11.5,0.041,0.026,1.45,0.146,0.226,,,,,,,,,10,,,,,,,,1.4,13,4.3,,,,,,,,,,,,,,,,,,,,,,,,,,,,,,,,,,,,,,,,,,,,,,1.75,,,,,,,,,,,,,,,,,,,,,,,,0,,,,,,,,,,
12/10/2011,Achara,1,11.7,0.089,0.018,1.93,0.054,0.08,,,44.4,20.4,11.6,,,,7,2.4,0,2.5,0,0,0,1.4,,0,2.1,,,,,,,,,,,,,,,,,,,,,,,,,,,,,,,,,,,,,,,,,,,,,,2.45,,,,,,,,,,,,,,,,,,,,,,,,0,,,,,,,,,,
12/15/2011,Achara,8,11.8,0.053,0.015,0.69,0.039,0.07,,,,,,,,,5,,,,,,,,2.2,0,1.4,,,,,,,,,,,,,,,,,,,,,,,,,,,,,,,,,,,,,,,,,,,,,,0,,,,,,,,,,,,,,,,,,,,,,,,0,,,,,,,,,,
1/20/2012,Achara,4,11.8,0.146,0.016,1.12,0.059,0.089,,,34.1,4.8,8.5,,,,5,5,1.5,1.2,0.25,,0,0,1.6,0,2.1,,,,,,,,,,,,,,,,,,,,,,,,,,,9,,,,,,,,,,,,,,,,,,,1.65,,,,,,,,,,,,,,,,,,,,,,,,0.36,,,,,,,,,,
1/21/2012,Achara,2,11.6,0.131,0.016,0.89,0.053,0.078,,,,,,,,,,,,,,,,,1.5,0,2,,,,,,,,,,,,,,,,,,,,,,,,,,,,,,,,,,,,,,,,,,,,,,1.45,,,,,,,,,,,,,,,,,,,,,,,,0.41,,,,,,,,,,
2/10/2012,Achara,3,13.1,0.275,0.015,0.99,0.052,0.089,,,,,,,,,,,,,,,,,2.4,0,2.6,,,,,,,,,,,,,,,,,,,,,,,,,,,,,,,,,,,,,,,,,,,,,,1.6,,,,,,,,,,,,,,,,,,,,,,,,0.32,,,,,,,,,,
2/17/2012,Achara,4,13.8,0.097,0.012,0.99,0.02,0.033,,,28.1,6.9,11.1,,,,5,2.9,0,0.5,0.25,,0,0,3.4,0,,,,,,,,,0,,,,,,,,,,,,,,,,,,,7.9,,,,,,,,,,,,,,,,,,,1.65,,,,,,,,,,,,,,,,,,,,,,,,0.55,,,,,,,,,,
3/15/2012,Achara,4,12.5,0.912,0.017,1.36,0.055,0.072,,,,,,,,,,,,,,,,,3.6,10,,,,,,,,,,,,,,,,,,,,,,,,,,,,,,,,,,,,,,,,,,,,,,,2.43,,,,,,,,,,,,,,,,,,,,,,,,0.14,,,,,,,,,,
3/17/2012,Achara,4,12.9,0.322,0.014,1.1,0.019,0.022,,,34.1,3.7,12.9,,,,5,1.8,0,0.5,0.25,,0,0,2.1,0,2.8,,,,,,,,,,,,,,,,,,,,,,,,,,,8.2,,,,,,,,,,,,,,,,,,,1.61,,,,,,,,,,,,,,,,,,,,,,,,0.17,,,,,,,,,,
4/21/2012,Achara,14,10.2,0,0.013,0.62,0.044,0.077,,,36,2.5,7.9,,,,5,2.6,0,1.2,0.25,0,0,0,3.4,10,3.7,,,,,,,,,,,,,,,,,,,,,,,,,,,7.6,,,,,,,,,,,,,,,,,,,1.06,,,,,,,,,,,,,,,,,,,,,,,,0.4,,,,,,,,,,
4/29/2012,Achara,17.7,9.3,0,0.014,1.59,0.081,0.128,,,,,,,,,,,,,,,,,1.9,0,2.4,,,,,,,,,,,,,,,,,,,,,,,,,,,,,,,,,,,,,,,,,,,,,,1.94,,,,,,,,,,,,,,,,,,,,,,,,0.32,,,,,,,,,,
5/19/2012,Achara,12.7,9.4,0,0.021,0.9,0.027,0.119,,,31.3,8.4,8,,,,5,3.2,0,0.5,0.25,0,0,0,1.8,0,2.4,,,,,,,,,,,,,,,,,,,,,,,,,,,9.6,,,,,,,,,,,,,,,,,,,1.398,,,,,,,,,,,,,,,,,,,,,,,,0.46,,,,,,,,,,
5/27/2012,Achara,17.2,9.11,0.15,0.031,0.73,0.021,0.107,,,,,,,,,,,,,,,,,1.9,0,3.1,,,,,,,,,,,,,,,,,,,,,,,,,,,,,,,,,,,,,,,,,,,,,,1.09,,,,,,,,,,,,,,,,,,,,,,,,0.18,,,,,,,,,,
6/16/2012,Achara,25,7.2,0.288,0.06,0.94,0.145,0.293,,,33.9,7.5,9.4,,,,12,6.7,1.9,1.6,0.25,,1.7,0,3.4,11,3.4,,,,,,,,,,,,,,,,,,,,,,,,,,,10.2,,,,,,,,,,,,,,,,,,,1.31,,,,,,,,,,,,,,,,,,,,,,,,0,,,,,,,,,,
6/28/2012,Achara,20.8,8.2,0.065,0.04,0.94,0.058,0.149,,,,,,,,,,,,,,,,,1.4,12,4.9,,,,,,,,,,,,,,,,,,,,,,,,,,,,,,,,,,,,,,,,,,,,,,1.17,,,,,,,,,,,,,,,,,,,,,,,,0.12,,,,,,,,,,
7/8/2012,Achara,22,8.9,0.066,0.049,1.65,0.114,0.221,,,,,,,,,,,,,,,,,1.8,10,4,,,,,,,,,,,,,,,,,,,,,,,,,,,,,,,,,,,,,,,,,,,,,,1.83,,,,,,,,,,,,,,,,,,,,,,,,0.06,,,,,,,,,,
7/21/2012,Achara,22.7,7.7,0.035,0.037,0.59,0,0.022,,,33.2,6.3,8.1,,,,5,2.7,0,0.5,0.25,0,0,0,,0,3.2,,,,,,,,,,,,,,,,,,,,,,,,,,,8.8,,,,,,,,,,,,,,,,,,,1.14,,,,,,,,,,,,,,,,,,,,,,,,0.47,,,,,,,,,,
8/16/2012,Achara,24.2,8.2,0,0.02,0.9,0.057,0.07,,,33.7,8.3,7.2,,,,5,1.4,0,0.5,0.25,0,0,1.6,,11,2.4,,,,,,,,0,,,,,,,,,,,,,,,,,,,14.1,,,,,,,,,,,,,,,,,,,1.11,,,,,,,,,,,,,,,,,,,,,,,,0.17,,,,,,,,,,
8/26/2012,Achara,22.3,8.4,0,0.011,0.57,0.045,0.105,,,,,,,,,,,,,,,,,1.5,10,3.5,,,,,,,,,,,,,,,,,,,,,,,,,,,,,,,,,,,,,,,,,,,,,,1,,,,,,,,,,,,,,,,,,,,,,,,0.11,,,,,,,,,,
9/21/2012,Achara,17.6,9.7,0,0.014,0.4,0.02,0.067,,,27,6.1,5.4,,,,5,1.5,0,0.5,0.25,0,0,1.3,2,0,3.8,,,,,,,,,,,,,,,,,,,,,,,,,,,6.2,,,,,,,,,,,,,,,,,,,1,,,,,,,,,,,,,,,,,,,,,,,,0.38,,,,,,,,,,
9/27/2012,Achara,16.6,8.9,0.08,0.02,0.96,0.126,0.252,,,,,,,,,,,,,,,,,1.4,0,3,,,,,,,,,,,,,,,,,,,,,,,,,,,,,,,,,,,,,,,,,,,,,,1.14,,,,,,,,,,,,,,,,,,,,,,,,0.1,,,,,,,,,,
10/18/2012,Achara,11,10.1,0.035,0.037,0.73,0.047,0.095,,,,,,,,,,,,,,,,,1.7,0,2,,,,,,,,,,,,,,,,,,,,,,,,,,,,,,,,,,,,,,,,,,,,,,1.12,,,,,,,,,,,,,,,,,,,,,,,,0.31,,,,,,,,,,
10/21/2012,Achara,8.8,9.5,0.34,0.051,0.85,0.043,0.114,,,36.1,9,13.8,,,,5,3.1,0,0.5,0.25,0,0,0,2.6,12,4.4,,,,,,,,,,,,,,,,,,,,,,,,,,,4.3,,,,,,,,,,,,,,,,,,,1.28,,,,,,,,,,,,,,,,,,,,,,,,0.04,,,,,,,,,,
11/16/2012,Achara,11,9.7,0.106,0.045,0.83,0.053,0.138,,,45.5,7.8,13.5,,,,5,1.6,0,0.5,0.25,0,0,1.4,2.1,0,3.4,,,,,,,,,,,,,,,,,,,,,,,,,,,9.3,,,,,,,,,,,,,,,,,,,1.44,,,,,,,,,,,,,,,,,,,,,,,,0.46,,,,,,,,,,
11/22/2012,Achara,11.4,11,0.09,0.017,0.82,0.026,0.105,,,,,,,,,,,,,,,,,2.7,10,3.1,,,,,,,,,,,,,,,,,,,,,,,,,,,,,,,,,,,,,,,,,,,,,,1,,,,,,,,,,,,,,,,,,,,,,,,0.07,,,,,,,,,,
12/7/2012,Achara,8,11.5,0.107,0.015,0.63,0.032,0.091,,,,,,,,,,,,,,,,,2,0,2.1,,,,,,,,,,,,,,,,,,,,,,,,,,,,,,,,,,,,,,,,,,,,,,1,,,,,,,,,,,,,,,,,,,,,,,,0.2,,,,,,,,,,
12/10/2012,Achara,5,12.4,0.153,0.045,0.48,0.231,0.445,,,34.7,4.9,7.2,,,,25,3.1,0,2.4,0.25,0,0,0,2.6,23,7.4,,,,,,,,,,,,,,,,,,,,,,,,,,,18.3,,,,,,,,,,,,,,,,,,,1,,,,,,,,,,,,,,,,,,,,,,,,0.27,,,,,,,,,,
1/17/2013,Achara,6,12,0.114,0.018,1.29,0.051,0.114,,,45.2,5.6,11.6,,,,15,8.8,0,1.3,0,0,0,0,3.3,12,3.4,,0,,,,,0,0,,,,,,,,,,,,,,,,,,,,,,,,,,,,,,,,,,,,,,1.88,,,,,,,,,,,,,,,,,,,,,,,,,,,,,,,,,,
2/15/2013,Achara,3,13.3,0,0.013,1,0.007,0.042,,,34.2,6.5,9.6,,,,5,1.6,0,0.5,0,0,1.7,0,2.2,0,3,,0,,,,,0,0,,,,,,,,,,,,,,,,,,,,,,,,,,,,,,,,,,,,,,1.18,,,,,,,,,,,,,,,,,,,,,,,,,,,,,,,,,,
3/14/2013,Achara,8,13.4,0.037,0.02,1.07,0.008,0.037,,,48.4,6.1,12.9,,,,5,1.1,0,0.5,0,0,0,0,2.4,0,3.2,,0,,,,,0,0,,,,,,,,,,,,,,,,,,,,,,,,,,,,,,,,,,,,,,1.57,,,,,,,,,,,,,,,,,,,,,,,,,,,,,,,,,,
4/12/2013,Achara,11.5,11.7,0.036,0.014,0.89,0,0.024,,,41.1,6.7,10.1,,,,5,1.9,0,0.5,0,0,0,0,2.1,0,2.5,,0,,,,,0,0,,,,,,,,,,,,,,,,,,,,,,,,,,,,,,,,,,,,,,1.16,,,,,,,,,,,,,,,,,,,,,,,,,,,,,,,,,,
5/16/2013,Achara,12,8.2,0.045,0.019,0.72,0.012,0.06,,,35.3,6.8,9,,,,5,1.6,0,0.5,0,0.015,0,0,2.3,14,3.2,,0,,,,,0,0,,,,,,,,,,,,,,,,,,,,,,,,,,,,,,,,,,,,,,1.07,,,,,,,,,,,,,,,,,,,,,,,,,,,,,,,,,,
6/14/2013,Achara,21,8.4,0.073,0.051,1.02,0.045,0.112,,,39.4,6.4,11.2,,,,5,1.4,0,0.5,0,0.02,0,0,1,0,1.8,,0,,,,,0,0,,,,,,,,,,,,,,,,,,,,,,,,,,,,,,,,,,,,,,1.23,,,,,,,,,,,,,,,,,,,,,,,,,,,,,,,,,,
7/18/2013,Achara,26,7.2,0.04,0.003,1.14,0.038,0.084,,,42.1,10,11.7,,,,5,0,0,0.5,0,0,0,1,2.6,0,3.8,,0,,,,,0,0,,,,,,,,,,,,,,,,,,,,,,,,,,,,,,,,,,,,,,1.41,,,,,,,,,,,,,,,,,,,,,,,,,,,,,,,,,,
8/16/2013,Achara,23,8,0.033,0.008,0.45,0.018,0.028,,,32.1,8.3,6.1,,,,5,1,0,1.1,0,,0,2.1,1.7,0,2,,0,,,,,0,0,,,,,,,,,,,,,,,,,,,,,,,,,,,,,,,,,,,,,,0.52,,,,,,,,,,,,,,,,,,,,,,,,,,,,,,,,,,
9/21/2013,Achara,20,7.4,0.067,0.025,0.81,0.034,0.05,,,33,5.3,9.9,,,,5,1.9,0,0.5,0,0,0,1.1,2.1,0,2.7,,0,,,,,0,0,,,,,,,,,,,,,,,,,,,,,,,,,,,,,,,,,,,,,,0.98,,,,,,,,,,,,,,,,,,,,,,,,,,,,,,,,,,
10/18/2013,Achara,10,9.8,0,0.03,1.31,0.022,0.051,,,46.8,6.5,15.6,,,,5,12.6,0,7.8,0,0,1.8,0,1,0,2.7,,,,,,,0,0,,,,,,,,,,,,,,,,,,,,,,,,,,,,,,,,,,,,,,2.09,,,,,,,,,,,,,,,,,,,,,,,,,,,,,,,,,,
11/15/2013,Achara,7,11,0.041,0.054,1.18,0.018,0.094,,,44.1,9.8,14.5,,,,5,1.5,0,0.5,0,0.03,0,0,2,0,3.8,,,,,,,0,0,,,,,,,,,,,,,,,,,,,,,,,,,,,,,,,,,,,,,,2.03,,,,,,,,,,,,,,,,,,,,,,,,,,,,,,,,,,
12/13/2013,Achara,8,9.9,0.421,0.051,1.29,0.029,0.054,,,49.9,8.6,15.6,,,,5,1.4,0,0.5,0,0,0,0,1.9,0,2,,,,,,,0,0,,,,,,,,,,,,,,,,,,,,,,,,,,,,,,,,,,,,,,2.26,,,,,,,,,,,,,,,,,,,,,,,,,,,,,,,,,,
1/16/2014,Achara,2,12,0.43,0.032,0.98,0.02,0.108,16.5,4,47.3,8.5,15.2,39.9,,0.05,,,,,,0,,,2.3,5,3.1,,0,,,,,0,0,170.8,,,,,,,,,,,,,,,,,,,,,,,,,87,,,,152.7,,,224,,,,,2,,,,,,2.25,,,,,,,,,,,,,,,,,2.8,,,,,,,,,,,
2/15/2014,Achara,1,15.1,0.216,0.016,1.22,0.018,0.046,,,41,9.4,13.4,,,,,,,,,0,,,4,5,,,0,,,,,0,0,,,,,,,,,,,,,,,,,,,,,,,,,,106,,,,,,,,,,,,1.87,,,,,,,,,,,,,,,,,,,,,,,2,,,,,,,,,,,
3/19/2014,Achara,14,10.9,0,0.019,0.94,0.014,0.023,,,44.8,5.6,11.9,,,,,,,,,0,,,3.8,5,,,0,,,,,0,0,,,,,,,,,,,,,,,,,,,,,,,,,,105,,,,,,,,,,,,1.41,,,,,,,,,,,,,,,,,,,,,,,1,,,,,,,,,,,
4/18/2014,Achara,11,9,0.215,0.031,1.09,0.024,0.075,9.2,2.6,43.3,8.8,11.4,30.9,,0.07,,,,,,0.03,,,1.3,5,2.2,,0.213,,,,,0,0,134.2,,,,,,,,,,,,,,,,,,,,,,,,,82,,,,144.4,,,190,,,,,1.79,,,,,,,,,,,,,,,,,,,,,,,1.9,,,,,,,,,,,
5/16/2014,Achara,10,8.7,0.051,0.015,0.69,0.009,0.027,,,26.3,2.2,6.7,,,,,,,,,0.022,,,2.1,5,2.8,,0,,,,,0,0,,,,,,,,,,,,,,,,,,,,,,,,,,77,,,,,,,,,,,,1.09,,,,,,,,,,,,,,,,,,,,,,,1.6,,,,,,,,,,,
6/20/2014,Achara,21,8.3,0.087,0.021,0.66,0,0.031,5.7,2.4,24.5,4.2,5.8,14.9,,0,,,,,,0,,,3,15,3.5,,0,,,,,0,0,85.4,,,,,,,,,,,,,,,,,,,,,,,,,93,,,,78.2,,,125,,,,,1.02,,,,,,2.6,,,,,,,,,,,,,,,,,1.1,,,,,,,,,,,
7/18/2014,Achara,22,8.7,0.037,0.043,1.33,0.03,0.055,,,39.6,3.6,12.8,,,,,,,,,0,,,1.6,5,,,0,,,,,0,0,,,,,,,,,,,,,,,,,,,,,,,,,,99,,,,,,,,,,,,1.72,,,,,,2.53,,,,,,,,,,,,,,,,,1.9,,,,,,,,,,,
8/16/2014,Achara,20,9.6,0,0.023,1.38,0.024,0.036,12,3.4,39.9,6.5,13.4,28.9,,0,,,,,,0,,,2.5,15,,,0,,,,,0,0,128.1,,,,,,,,,,,,,,,,,,,,,,,,,105,,,,126.5,,,191,,,,,1.56,,,,,,3.37,,,,,,,,,,,,,,,,,1.6,,,,,,,,,,,
9/19/2014,Achara,19.4,8.3,0.026,0.027,2.63,0.027,0.039,,,54.2,7.4,17.2,,,,,,,,,0,,,1.2,5,,,0,,,,,0,0,,,,,,,,,,,,,,,,,,,,,,,,,,89,,,,,,,,,,,,2.84,,,,,,2.65,,,,,,,,,,,,,,,,,4.8,,,,,,,,,,,
10/17/2014,Achara,16,10.3,0.062,0.039,1.77,0.065,0.082,13.8,4,41.5,7.6,15.2,33.7,,0,,,,,,0,,,0.5,11,2,,0,,,,,0,0,134.2,,,,,,,,,,,,,,,,,,,,,,,,,104,,,,134.8,,,222,,,,,1.98,,,,,,2.97,,,,,,,,,,,,,,,,,1.2,,,,,,,,,,,
11/21/2014,Achara,10,10.7,0.15,0.07,2.04,0.026,0.037,,,47.4,8.8,15.9,,,,,,,,,0.055,,,1,13,1.3,,0,,,,,0,0,,,,,,,,,,,,,,,,,,,,,,,,,,94,,,,,,,,,,,,2.33,,,,,,2.33,,,,,,,,,,,,,,,,,1.2,,,,,,,,,,,
12/12/2014,Achara,1,11.8,0.216,0.021,1.56,0.02,0.029,19.5,4.2,49.5,9.2,22.1,47,,0.03,,,,,,0,,,2.3,16,2.7,,0,,,,,0,0,146.4,,,,,,,,,,,,,,,,,,,,,,,,,83,,,,161.3,,,254,,,,,1.99,,,,,,2.22,,,,,,,,,,,,,,,,,3.1,,,,,,,,,,,
1/17/2015,Achara,6,12.5,0.316,0.041,1.75,0.025,0.046,,,49.8,8.7,19.1,,,,,,,,,0,,,2.3,5,,,0,,,,,0,0,,,,,,0,,,,,,,,,,,,,,,,,,,,100,,,,160.1,,,,,,,,2.16,,,,,,2.35,,,,,,,,,,,,,,,,,1.4,,,,,,,,,,,
2/21/2015,Achara,3,13.3,0,0.005,1.23,0.013,0.045,8.6,2.6,39.3,4,10.6,29.3,,0,5,,,0.5,0,0,0,,3.1,5,,,0,,,,,0,0,115.9,,,,,0,,,,,,,,,,,,,,,,,,,,99,,,,114.5,,,,,,,,1.43,,,,,,2.39,,,,,,,,,,,,,,,,,1.1,,,,,,,,,,,
3/13/2015,Achara,8,11.1,0.049,0.012,0.93,0.012,0.03,,,36.4,4.7,8.3,,,,,,,,,0,,,2.2,18,,,0,,,,,0,0,,,,,,0,,,,,,,,,,,,,,,,,,,,94,,,,110.7,,,,,,,,1.13,,,,,,2.46,,,,,,,,,,,,,,,,,1.5,,,,,,,,,,,
4/18/2015,Achara,12,10.7,0.055,0.022,1.3,0.024,0.051,6.5,2.1,36.9,4.7,8.6,25.7,,0,,,,,,0,,,1.4,16,2.1,,0,,,,,0,0,109.8,,,,,0,,,,,,,,,,,,,,,,,,,,99,,,,111.6,,,,,,,,1.62,,,,,,2.34,,,,,,,,,,,,,,,,,3.3,,,,,,,,,,,
5/15/2015,Achara,17,8.3,0.21,0.108,1.71,0.017,0.022,,,41.9,6.1,12.4,,,,,,,,,0,,,2.2,17,2.5,,0,,,,,0,0,,,,,,0,,,,,,,,,,,,,,,,,,,,85,,,,129.8,,,,,,,,2.07,,,,,,2.39,,,,,,,,,,,,,,,,,2,,,,,,,,,,,
6/20/2015,Achara,23,7.6,0.35,0.064,0.83,0.23,,6.7,3.2,32.5,3.5,8.2,19.7,,0.031,5,,,2.5,0,0,0,,2.5,18,2.8,,0,,,,,0,0,109.8,,,,,0,,,,,,,,,,,,,,,,,,,,88,,,,95.5,,,,,,,,1.26,,,,,,2.34,,,,,,,,,,,,,,,,,1.5,,,,,0.15,,,,,,
7/16/2015,Achara,22,7.4,0.063,0.013,0.89,0.023,0.031,,,33.2,2.7,7.2,,,,,,,,,0,,,1.6,17,2.7,,0,,,,,0,0,,,,,,0,,,,,,,,,,,,,,,,,,,,85,,,,93.9,,,,,,,,0.99,,,,,,2.4,,,,,,,,,,,,,,,,,1.3,,,,,,,,,,,
8/22/2015,Achara,23,7.6,0.108,0.146,1.58,0.068,0.094,12.8,3.3,40.1,5.4,12.7,26.4,,0,5,,,0.5,0,0,0,,1.5,12,,,0,,,,,0,0,128.1,,,,,0,,,,,,,,,,,,,,,,,,,,88,,,,122.2,,,,,,,,2.06,,,,,,2.47,,,,,,,,,,,,,,,,,2,,,,,,,,,,,
9/18/2015,Achara,17,7.3,0.065,0.038,1.17,0.1,0.15,,,40.4,4.4,11.4,,,,,,,,,0.067,,,1.3,16,,,0,,,,,0,0,,,,,,0,,,,,,,,,,,,,,,,,,,,76,,,,119,,,,,,,,1.48,,,,,,2.53,,,,,,,,,,,,,,,,,1.9,,,,,,,,,,,
10/16/2015,Achara,15,8.2,0.073,0.037,1.85,0.038,0.046,14.8,4,44.2,6.6,15.5,34.5,,0,15,,,0.5,0,0,,,1.3,5,2.7,,0,,,,,0,0,140.3,,,,,0.16,,,,,,,,,,,,,,,,,,,,82,,,,137.5,,,,,,,,2.05,,,,,,2.52,,,,,,,,,,,,,,,,,1.4,,,,,,,,,,,
11/20/2015,Achara,11,10,0.11,0.029,0.79,0.024,0.037,,,32.9,4.9,9.5,,,,,,,,,0,,,1.1,5,2.5,,0,,,,,0,0,,,,,,0,,,,,,,,,,,,,,,,,,,,90,,,,102.2,,,,,,,,1.01,,,,,,2.15,,,,,,,,,,,,,,,,,1.8,,,,,,,,,,,
12/9/2015,Achara,,12.1,0.18,0.031,1.35,0.012,0.025,12.4,3.1,41.9,4.4,12.8,31.5,,0,,,,,,0,,,2.4,5,,,0,,,,,0,0,,,,,,0,,,,,,,,,,,,,,,,,,,,92,,,,122.8,,,,,,,,1.61,140.3,,,,,2.25,,,,,,,,,,,,,,,,,2.8,,,,,,,,,,,
1/15/2016,Achara,5,12.6,0.13,0.018,0.94,0.016,0.037,,,37.9,3.9,11.8,,,,,,,0,0,0,0,,2.4,5,,,0,,,,,0,0,,,,,,0,,,,,,,,,,,,,,,,,,,,99,,,,110.6,,,176,,,,,1.24,,,,,,,,,,,,,,,,,,,,,,,1.4,,,,,,,,,,,
2/12/2016,Achara,7,10.9,0.06,0.01,0.94,0.012,0.022,8.3,2.3,35.5,6.8,10.6,21.9,,,,,,,,0,,,2.2,5,,,0,,,,,0,0,122,0,,,,0,,,,,,,,,,,,,,,,,,,,90,,,,116.8,,,160,,,,,1.19,,,,,,,,,,,,,,,,,,,,,,,2,,,,,,,,,,,
3/12/2016,Achara,10,11.3,0.04,0.012,1.08,0.011,0.029,,,35.6,6.9,11.8,,,,,,,,,0,,,1.6,5,2.26,,0,,,,,0,0,,,,,,0,,,,,,,,,,,,,,,,,,,,100,,,,117.2,,,163,,,,,1.18,,,,,,,,,,,,,,,,,,,,,,,1.4,,,,,,,,,,,
4/16/2016,Achara,13,9.9,0.14,0.028,0.87,0.068,0.12,9,2.6,31.5,4.9,9.3,21.8,,,,,,0,,0,0,,2.8,5,,,0,,,,,0,0,109.8,0,,,,0,,,,,,,,,,,,,,,,,,,,94,,,,98.8,,,145,,,,,1.14,,,,,,,,,,,,,,,,,,,,,,,2.3,,,,,,,,,,,
5/13/2016,Achara,18,8.7,0.16,0.038,1.11,0.03,0.071,,,27,6.6,9.2,,,,,,,,,0,,,1.8,12,3.6,,0,,2.37,,,0,0,,,,,,0,,,,,,,,,,,,,,,,,,,,92,,,,94.6,,,154,,,,,1.67,,,,,,,,,,,,,,,,,,,,,,,1.9,,,,,,,,,,,
6/11/2016,Achara,26,10.2,0.05,0.027,0.97,0.037,0.043,8.7,2.6,35.6,6.9,11.6,20.9,,,,,,,0,0,,,2.6,5,3.8,,0,,,,,0,0,115.9,0,,,,0,,,,,,,,,,,,,,,,,,,,125,,,,117,,,158,,,,,1.29,,,,,,,,,,,,,,,,,,,,,,,1.8,,,,,,,,,,,
7/16/2016,Achara,26,8.2,0.04,0.021,0.79,0.044,0.061,,,33.2,5.9,9.1,,,,,,,,,0,,,1.2,19,3.1,,0,,,,,0,0,,,,,,0,,,,,,,,,,,,,,,,,,,,96,,,,107.3,,,164,,,,,0.95,,,,,,,,,,,,,,,,,,,,,,,3.3,,,,,,,,,,,
8/20/2016,Achara,23,7.9,0.056,0.023,0.39,0.025,0.062,5.9,2.2,25.9,4,6.3,13,,,,,,0,0,0,0,,0.5,12,2.2,,0,,,,,0,0,97.6,0,,,,0,,,,,,,,,,,,,,,,,,,,93,,,,81.2,,,108,,,,,0.63,,,,,,,,,,,,,,,,,,,,,,,1.6,,,,,,,,,,,
9/16/2016,Achara,21,8,0.078,0.042,1.15,0.051,0.061,,,31.3,4.9,9.9,,,,,,,,,,,,0.5,21,2.5,,0,,2.37,,,0,0,,,,,,0,,,,,,,,,,,,,,,,,,,,90,,,,98.1,,,152,,,,,1.28,,,,,,,,,,,,,,,,,,,,,,,3.7,,,,,,,,,,,
10/22/2016,Achara,15,8.8,0.089,0.024,0.68,0.034,0.04,8.5,2.6,27.6,5.1,7.3,12.7,,,,,,0,0,0,0,,0.5,11,2.3,,0,,,,,0,0,109.8,0,,,,0,,,,,,,,,,,,,,,,,,,,87,,,,89.9,,,133,,,,,0.93,,,,,,,,,,,,,,,,,,,,,,,1.1,,,,,,,,,,,
11/19/2016,Achara,12,10.4,0.11,0.042,1.09,0.079,0.24,,,30.9,6.9,11,,,,,,,,,0,,,0.5,12,1,,0,,,,,0,0,,,,,,0,,,,,,,,,,,,,,,,,,,,97,,,,106.3,,,,,,,,1.27,,,,,,,,,,,,,,,,,,,,,,,2,,,,,,,,,,,
12/10/2016,Achara,7,11.5,0.11,0.015,0.82,0.022,0.08,7.7,2.5,30.9,5.1,7.5,15.2,,,,,,,,0,,,1.2,13,2.4,,0,,,,,0,0,105.6,0,,,,0,,,,,,,,,,,,,,,,,,,,94,,,,98.3,,,,,,,,1.35,,,,,,,,,,,,,,,,,,,,,,,2.5,,,,,,,,,,,
